{
    "-1": {
        "name": "base_link",
        "mass": 0.0,
        "index": -1
    },
    "0": {
        "name": "l_ab_ad",
        "mass": 1.2,
        "lateral_friction": 0.5,
        "local_inertia_diagonal": [
            0.0020163609999999995,
            0.002016361,
            0.0026911999999999995
        ],
        "local_inertial_pos": [
            8e-05,
            0.02446,
            -0.00146
        ],
        "local_inertial_orn": [
            0.0,
            0.0,
            0.0,
            1.0
        ],
        "restitution": 0.0,
        "rolling_friction": 0.0,
        "spinning_friction": 0.0,
        "contact_damping": -1.0,
        "contact_stiffness": -1.0,
        "index": 0
    },
    "1": {
        "name": "l_yaw",
        "mass": 2.4,
        "lateral_friction": 0.5,
        "local_inertia_diagonal": [
            0.004928469476715461,
            0.011709303603455448,
            0.011709303603520745
        ],
        "local_inertial_pos": [
            0.0,
            0.0,
            0.03518
        ],
        "local_inertial_orn": [
            0.0,
            0.0,
            0.0,
            1.0
        ],
        "restitution": 0.0,
        "rolling_friction": 0.0,
        "spinning_friction": 0.0,
        "contact_damping": -1.0,
        "contact_stiffness": -1.0,
        "index": 1
    },
    "2": {
        "name": "l_upper",
        "mass": 1.0,
        "lateral_friction": 0.5,
        "local_inertia_diagonal": [
            6.666666666666666e-07,
            6.666666666666666e-07,
            6.666666666666666e-07
        ],
        "local_inertial_pos": [
            0.00043,
            0.04822,
            -0.10773
        ],
        "local_inertial_orn": [
            0.0,
            0.0,
            0.0,
            1.0
        ],
        "restitution": 0.0,
        "rolling_friction": 0.0,
        "spinning_friction": 0.0,
        "contact_damping": -1.0,
        "contact_stiffness": -1.0,
        "index": 2
    },
    "3": {
        "name": "l_lower",
        "mass": 2.0,
        "lateral_friction": 0.5,
        "local_inertia_diagonal": [
            0.0044853594670013095,
            0.003715372641592847,
            0.0037153726416523205
        ],
        "local_inertial_pos": [
            -0.0001,
            0.00125,
            -0.14482
        ],
        "local_inertial_orn": [
            0.0,
            0.0,
            0.0,
            1.0
        ],
        "restitution": 0.0,
        "rolling_friction": 0.0,
        "spinning_friction": 0.0,
        "contact_damping": -1.0,
        "contact_stiffness": -1.0,
        "index": 3
    },
    "4": {
        "name": "l_foot",
        "mass": 0.5,
        "lateral_friction": 0.5,
        "local_inertia_diagonal": [
            0.0023553333333333325,
            0.00022533333333333338,
            0.0023553333333333325
        ],
        "local_inertial_pos": [
            0.0,
            0.00325,
            -0.02828
        ],
        "local_inertial_orn": [
            0.0,
            0.0,
            0.0,
            1.0
        ],
        "restitution": 0.0,
        "rolling_friction": 0.0,
        "spinning_friction": 0.0,
        "contact_damping": -1.0,
        "contact_stiffness": -1.0,
        "index": 4
    },
    "5": {
        "name": "r_ab_ad",
        "mass": 1.2,
        "lateral_friction": 0.5,
        "local_inertia_diagonal": [
            0.002016361,
            0.002016361,
            0.0026912
        ],
        "local_inertial_pos": [
            -8e-05,
            0.02445,
            -0.00143
        ],
        "local_inertial_orn": [
            0.0,
            0.0,
            0.0,
            1.0
        ],
        "restitution": 0.0,
        "rolling_friction": 0.0,
        "spinning_friction": 0.0,
        "contact_damping": -1.0,
        "contact_stiffness": -1.0,
        "index": 5
    },
    "6": {
        "name": "r_yaw",
        "mass": 2.4,
        "lateral_friction": 0.5,
        "local_inertia_diagonal": [
            0.004928469476715462,
            0.011709303603455448,
            0.011709303603520745
        ],
        "local_inertial_pos": [
            0.0,
            0.0,
            0.03517
        ],
        "local_inertial_orn": [
            0.0,
            0.0,
            0.0,
            1.0
        ],
        "restitution": 0.0,
        "rolling_friction": 0.0,
        "spinning_friction": 0.0,
        "contact_damping": -1.0,
        "contact_stiffness": -1.0,
        "index": 6
    },
    "7": {
        "name": "r_upper",
        "mass": 1.0,
        "lateral_friction": 0.5,
        "local_inertia_diagonal": [
            6.666666666666666e-07,
            6.666666666666666e-07,
            6.666666666666666e-07
        ],
        "local_inertial_pos": [
            -0.00228,
            0.0512,
            -0.11337
        ],
        "local_inertial_orn": [
            0.0,
            0.0,
            0.0,
            1.0
        ],
        "restitution": 0.0,
        "rolling_friction": 0.0,
        "spinning_friction": 0.0,
        "contact_damping": -1.0,
        "contact_stiffness": -1.0,
        "index": 7
    },
    "8": {
        "name": "r_lower",
        "mass": 2.0,
        "lateral_friction": 0.5,
        "local_inertia_diagonal": [
            0.0044853594670013095,
            0.003715372641592847,
            0.0037153726416523205
        ],
        "local_inertial_pos": [
            -0.00018,
            0.00049,
            -0.14674
        ],
        "local_inertial_orn": [
            0.0,
            0.0,
            0.0,
            1.0
        ],
        "restitution": 0.0,
        "rolling_friction": 0.0,
        "spinning_friction": 0.0,
        "contact_damping": -1.0,
        "contact_stiffness": -1.0,
        "index": 8
    },
    "9": {
        "name": "r_foot",
        "mass": 0.5,
        "lateral_friction": 0.5,
        "local_inertia_diagonal": [
            0.0023553333333333325,
            0.00022533333333333338,
            0.0023553333333333325
        ],
        "local_inertial_pos": [
            0.0,
            0.00325,
            -0.02828
        ],
        "local_inertial_orn": [
            0.0,
            0.0,
            0.0,
            1.0
        ],
        "restitution": 0.0,
        "rolling_friction": 0.0,
        "spinning_friction": 0.0,
        "contact_damping": -1.0,
        "contact_stiffness": -1.0,
        "index": 9
    }
}